Algeria,Angola,Benin,Botswana,Burkina Faso,Burundi,Cabo Verde,Cameroon,Central African Republic,Chad,Comoros,Congo,CÃ´te d'Ivoire,Democratic Republic of the Congo,Egypt,Equatorial Guinea,Eritrea,Eswatini,Ethiopia,Gabon,Gambia,Ghana,Guinea,Guinea-Bissau,Kenya,Lesotho,Liberia,Madagascar,Malawi,Mali,Mauritania,Morocco,Mozambique,Namibia,Niger,Rwanda,Sao Tome and Principe,Senegal,Sierra Leone,South Africa,South Sudan,Sudan,Togo,Uganda,Zambia,Zimbabwe,Time
200.0,6800.0,4800.0,18000.0,21000.0,28000.0,200.0,16000.0,16000.0,8400.0,100.0,8700.0,93000.0,72000.0,100.0,1000.0,2700.0,3300.0,110000.0,2000.0,500.0,29000.0,5500.0,500.0,200000.0,7900.0,4700.0,100.0,110000.0,12000.0,500.0,1000.0,40000.0,6200.0,3600.0,30000.0,500.0,1600.0,4100.0,120000.0,7200.0,1400.0,5900.0,100000.0,98000.0,230000.0,1990-01-01
200.0,8000.0,5800.0,24000.0,21000.0,26000.0,200.0,21000.0,18000.0,9800.0,100.0,8000.0,96000.0,74000.0,100.0,1000.0,2800.0,6700.0,130000.0,2500.0,500.0,33000.0,6600.0,1000.0,220000.0,13000.0,4200.0,100.0,120000.0,13000.0,1000.0,1000.0,50000.0,8800.0,4400.0,31000.0,500.0,2000.0,4900.0,170000.0,9000.0,1700.0,7700.0,100000.0,100000.0,240000.0,1991-01-01
200.0,9200.0,6600.0,30000.0,21000.0,23000.0,200.0,28000.0,20000.0,11000.0,100.0,8000.0,100000.0,75000.0,100.0,1000.0,2700.0,12000.0,130000.0,3200.0,1000.0,36000.0,7500.0,1000.0,230000.0,19000.0,4100.0,100.0,130000.0,14000.0,1000.0,1000.0,60000.0,12000.0,5300.0,32000.0,500.0,2400.0,5400.0,230000.0,10000.0,1800.0,9900.0,98000.0,100000.0,230000.0,1992-01-01
500.0,10000.0,7600.0,34000.0,19000.0,17000.0,200.0,36000.0,20000.0,11000.0,100.0,7600.0,100000.0,75000.0,100.0,1200.0,2700.0,17000.0,130000.0,3800.0,1000.0,36000.0,8700.0,1200.0,230000.0,25000.0,4100.0,100.0,130000.0,14000.0,1000.0,1000.0,72000.0,15000.0,6300.0,33000.0,500.0,3000.0,5700.0,290000.0,12000.0,2000.0,12000.0,96000.0,100000.0,220000.0,1993-01-01
500.0,12000.0,8000.0,36000.0,18000.0,15000.0,200.0,44000.0,21000.0,12000.0,100.0,7200.0,96000.0,76000.0,100.0,1400.0,2600.0,21000.0,120000.0,4300.0,1200.0,37000.0,9300.0,1800.0,210000.0,31000.0,4000.0,100.0,130000.0,14000.0,1000.0,1100.0,85000.0,18000.0,7200.0,29000.0,500.0,3700.0,6000.0,350000.0,12000.0,2200.0,13000.0,96000.0,99000.0,200000.0,1994-01-01
500.0,14000.0,8600.0,35000.0,16000.0,16000.0,200.0,52000.0,20000.0,11000.0,100.0,7100.0,90000.0,72000.0,100.0,1500.0,2500.0,23000.0,110000.0,4600.0,1500.0,36000.0,9900.0,2500.0,190000.0,35000.0,3800.0,200.0,120000.0,13000.0,1000.0,1100.0,100000.0,21000.0,7600.0,20000.0,500.0,4400.0,6300.0,410000.0,14000.0,2300.0,15000.0,95000.0,95000.0,180000.0,1995-01-01
500.0,15000.0,8600.0,34000.0,15000.0,14000.0,200.0,58000.0,20000.0,11000.0,100.0,7100.0,85000.0,69000.0,100.0,1700.0,2400.0,22000.0,95000.0,5100.0,1800.0,35000.0,10000.0,3400.0,170000.0,34000.0,3600.0,200.0,120000.0,13000.0,1000.0,1200.0,120000.0,22000.0,7900.0,21000.0,500.0,5200.0,6400.0,460000.0,14000.0,2500.0,16000.0,95000.0,93000.0,160000.0,1996-01-01
500.0,17000.0,8300.0,31000.0,14000.0,12000.0,200.0,61000.0,19000.0,11000.0,100.0,6900.0,77000.0,67000.0,200.0,1900.0,2100.0,21000.0,84000.0,5000.0,2100.0,33000.0,10000.0,4400.0,150000.0,33000.0,3800.0,500.0,110000.0,12000.0,1100.0,1300.0,130000.0,22000.0,7700.0,26000.0,500.0,5900.0,6500.0,490000.0,15000.0,2500.0,16000.0,95000.0,91000.0,150000.0,1997-01-01
500.0,18000.0,8100.0,29000.0,14000.0,11000.0,500.0,63000.0,17000.0,11000.0,100.0,7400.0,73000.0,63000.0,200.0,2200.0,1900.0,20000.0,78000.0,4700.0,2200.0,32000.0,10000.0,5200.0,140000.0,30000.0,4200.0,500.0,110000.0,12000.0,1100.0,1400.0,140000.0,21000.0,7400.0,26000.0,500.0,6600.0,6400.0,500000.0,14000.0,2600.0,16000.0,94000.0,89000.0,140000.0,1998-01-01
500.0,20000.0,7800.0,27000.0,13000.0,10000.0,500.0,62000.0,17000.0,10000.0,100.0,7300.0,70000.0,59000.0,200.0,2300.0,1700.0,19000.0,71000.0,4600.0,2400.0,31000.0,10000.0,5600.0,130000.0,28000.0,4200.0,500.0,97000.0,12000.0,1100.0,1400.0,150000.0,20000.0,6900.0,25000.0,500.0,6900.0,6400.0,510000.0,15000.0,2700.0,15000.0,94000.0,88000.0,130000.0,1999-01-01
500.0,21000.0,7400.0,25000.0,12000.0,8900.0,500.0,60000.0,16000.0,9800.0,100.0,6800.0,62000.0,58000.0,200.0,2400.0,1500.0,19000.0,65000.0,4500.0,2500.0,30000.0,10000.0,5500.0,130000.0,27000.0,4200.0,1000.0,95000.0,11000.0,1200.0,1500.0,160000.0,19000.0,6300.0,24000.0,500.0,6800.0,6400.0,510000.0,14000.0,2800.0,13000.0,94000.0,87000.0,120000.0,2000-01-01
1000.0,23000.0,7200.0,24000.0,11000.0,8000.0,200.0,57000.0,15000.0,9900.0,100.0,6500.0,56000.0,55000.0,500.0,2600.0,1400.0,18000.0,59000.0,4200.0,2500.0,29000.0,10000.0,5100.0,120000.0,26000.0,3900.0,1000.0,89000.0,10000.0,1100.0,1600.0,160000.0,18000.0,5500.0,23000.0,200.0,6400.0,6500.0,510000.0,14000.0,2800.0,12000.0,93000.0,86000.0,120000.0,2001-01-01
1000.0,24000.0,7100.0,22000.0,11000.0,7400.0,500.0,53000.0,14000.0,9500.0,100.0,6900.0,52000.0,53000.0,500.0,2800.0,1400.0,18000.0,53000.0,4100.0,2500.0,28000.0,10000.0,4500.0,110000.0,25000.0,3800.0,1000.0,85000.0,10000.0,1100.0,1700.0,160000.0,18000.0,4700.0,22000.0,200.0,5700.0,6800.0,500000.0,14000.0,2800.0,11000.0,92000.0,85000.0,110000.0,2002-01-01
1000.0,26000.0,6900.0,20000.0,9900.0,7100.0,500.0,49000.0,14000.0,9500.0,100.0,7300.0,48000.0,50000.0,500.0,3000.0,1300.0,18000.0,49000.0,3800.0,2600.0,27000.0,9800.0,4100.0,110000.0,25000.0,3700.0,1200.0,80000.0,10000.0,1000.0,1700.0,160000.0,17000.0,3900.0,21000.0,200.0,5100.0,6800.0,490000.0,15000.0,2800.0,11000.0,92000.0,85000.0,100000.0,2003-01-01
1000.0,27000.0,6700.0,19000.0,9600.0,6400.0,500.0,46000.0,13000.0,9100.0,100.0,7100.0,46000.0,48000.0,500.0,3300.0,1300.0,18000.0,44000.0,3500.0,2400.0,27000.0,9800.0,3800.0,100000.0,25000.0,3400.0,1400.0,76000.0,10000.0,1000.0,1600.0,160000.0,16000.0,3400.0,19000.0,200.0,4500.0,6800.0,480000.0,16000.0,2800.0,9700.0,91000.0,83000.0,100000.0,2004-01-01
1000.0,27000.0,6600.0,16000.0,9300.0,5900.0,500.0,44000.0,13000.0,8900.0,100.0,7700.0,40000.0,46000.0,500.0,3400.0,1100.0,17000.0,41000.0,3400.0,2400.0,26000.0,9800.0,3500.0,96000.0,25000.0,3300.0,1700.0,72000.0,9600.0,1000.0,1700.0,160000.0,15000.0,3100.0,17000.0,200.0,4100.0,6700.0,470000.0,15000.0,2800.0,9200.0,90000.0,80000.0,95000.0,2005-01-01
1000.0,28000.0,6400.0,15000.0,8600.0,5900.0,200.0,41000.0,12000.0,8700.0,100.0,7000.0,38000.0,45000.0,1000.0,3700.0,1100.0,17000.0,37000.0,3300.0,2400.0,25000.0,9500.0,3300.0,91000.0,24000.0,3200.0,1900.0,68000.0,9600.0,1000.0,1600.0,160000.0,14000.0,2600.0,15000.0,200.0,3800.0,6600.0,450000.0,15000.0,2800.0,8800.0,90000.0,79000.0,92000.0,2006-01-01
1000.0,29000.0,6300.0,15000.0,7700.0,5700.0,200.0,40000.0,12000.0,8700.0,100.0,7200.0,34000.0,43000.0,1000.0,3800.0,1000.0,16000.0,35000.0,3200.0,2400.0,24000.0,9300.0,3300.0,86000.0,23000.0,3200.0,2300.0,64000.0,9200.0,1000.0,1600.0,150000.0,12000.0,2200.0,14000.0,100.0,3200.0,6400.0,430000.0,16000.0,2800.0,8600.0,89000.0,77000.0,89000.0,2007-01-01
1100.0,29000.0,5700.0,14000.0,7300.0,5300.0,200.0,37000.0,11000.0,8200.0,100.0,7300.0,30000.0,41000.0,1000.0,4100.0,1000.0,16000.0,32000.0,3200.0,2400.0,23000.0,9300.0,3200.0,76000.0,22000.0,3100.0,2600.0,62000.0,9400.0,1000.0,1600.0,160000.0,11000.0,2000.0,13000.0,100.0,2800.0,6000.0,420000.0,16000.0,2800.0,8100.0,88000.0,72000.0,86000.0,2008-01-01
1300.0,29000.0,5200.0,13000.0,6800.0,5000.0,200.0,36000.0,11000.0,7400.0,100.0,7800.0,28000.0,40000.0,1000.0,4300.0,1000.0,16000.0,30000.0,3100.0,2400.0,23000.0,8900.0,3000.0,75000.0,20000.0,2900.0,3100.0,56000.0,8900.0,1000.0,1600.0,160000.0,11000.0,1800.0,11000.0,100.0,2600.0,5800.0,400000.0,17000.0,2700.0,7500.0,88000.0,72000.0,82000.0,2009-01-01
1400.0,28000.0,4800.0,13000.0,6100.0,4500.0,200.0,32000.0,11000.0,7400.0,100.0,8000.0,26000.0,38000.0,1100.0,4400.0,1000.0,14000.0,27000.0,2800.0,2200.0,23000.0,8600.0,2800.0,70000.0,18000.0,2600.0,3500.0,56000.0,8200.0,500.0,1500.0,160000.0,11000.0,1300.0,11000.0,100.0,2500.0,5700.0,380000.0,17000.0,2800.0,6900.0,86000.0,71000.0,78000.0,2010-01-01
1500.0,28000.0,4600.0,13000.0,5600.0,4300.0,200.0,31000.0,11000.0,7400.0,100.0,8400.0,26000.0,37000.0,1300.0,4600.0,1000.0,14000.0,24000.0,2700.0,2100.0,22000.0,8300.0,2600.0,62000.0,17000.0,2600.0,4000.0,53000.0,7900.0,500.0,1500.0,160000.0,10000.0,1400.0,9700.0,100.0,2300.0,5400.0,360000.0,17000.0,2800.0,5800.0,82000.0,71000.0,67000.0,2011-01-01
1600.0,28000.0,4400.0,12000.0,5100.0,4000.0,200.0,28000.0,10000.0,7000.0,100.0,9000.0,22000.0,35000.0,1500.0,4700.0,1000.0,15000.0,21000.0,2500.0,2100.0,22000.0,8100.0,2400.0,60000.0,17000.0,2400.0,4500.0,51000.0,7400.0,500.0,1300.0,160000.0,10000.0,1500.0,9400.0,100.0,2200.0,5000.0,340000.0,18000.0,2800.0,5400.0,76000.0,72000.0,61000.0,2012-01-01
1700.0,26000.0,4300.0,11000.0,4800.0,3700.0,200.0,26000.0,11000.0,6400.0,100.0,9700.0,20000.0,34000.0,1700.0,4500.0,1000.0,15000.0,19000.0,2300.0,2100.0,22000.0,7400.0,2100.0,57000.0,17000.0,2300.0,5000.0,48000.0,8000.0,500.0,1200.0,160000.0,9800.0,1500.0,8600.0,100.0,2000.0,5100.0,320000.0,18000.0,2700.0,5200.0,72000.0,71000.0,58000.0,2013-01-01
1900.0,23000.0,4200.0,11000.0,4200.0,3300.0,200.0,25000.0,9700.0,6100.0,100.0,9900.0,18000.0,33000.0,2000.0,4400.0,500.0,14000.0,18000.0,2200.0,2100.0,22000.0,8800.0,1800.0,51000.0,15000.0,2200.0,5600.0,45000.0,7800.0,500.0,1100.0,150000.0,9200.0,1400.0,8000.0,100.0,1800.0,5100.0,300000.0,19000.0,2800.0,4800.0,69000.0,69000.0,53000.0,2014-01-01
1900.0,22000.0,3300.0,10000.0,4200.0,3100.0,200.0,23000.0,9600.0,6500.0,100.0,11000.0,17000.0,29000.0,2300.0,4600.0,500.0,11000.0,16000.0,2000.0,2000.0,23000.0,8600.0,1800.0,42000.0,14000.0,1900.0,6100.0,42000.0,7400.0,500.0,1100.0,140000.0,8800.0,1600.0,6900.0,100.0,1600.0,5000.0,280000.0,17000.0,2800.0,4800.0,66000.0,67000.0,50000.0,2015-01-01
1900.0,22000.0,3000.0,9400.0,3800.0,2400.0,500.0,22000.0,8900.0,6200.0,100.0,12000.0,17000.0,27000.0,2700.0,4600.0,500.0,8800.0,15000.0,1800.0,2000.0,22000.0,8500.0,1700.0,37000.0,12000.0,1800.0,6700.0,38000.0,7400.0,500.0,1000.0,140000.0,8700.0,1400.0,5900.0,100.0,1700.0,4800.0,260000.0,17000.0,3000.0,4200.0,66000.0,65000.0,43000.0,2016-01-01
2000.0,22000.0,2900.0,8400.0,3100.0,2100.0,500.0,20000.0,9000.0,5800.0,100.0,12000.0,14000.0,25000.0,3000.0,4500.0,500.0,7700.0,14000.0,1800.0,1900.0,22000.0,8300.0,1700.0,34000.0,10000.0,1600.0,7200.0,32000.0,7300.0,500.0,1000.0,130000.0,8300.0,1600.0,5200.0,100.0,1800.0,4600.0,230000.0,15000.0,3100.0,4000.0,61000.0,66000.0,34000.0,2017-01-01
2000.0,20000.0,2500.0,7100.0,2800.0,2000.0,500.0,18000.0,9400.0,5300.0,100.0,13000.0,13000.0,24000.0,3400.0,4800.0,500.0,7500.0,12000.0,1700.0,1800.0,23000.0,8400.0,1600.0,29000.0,8500.0,1400.0,7700.0,26000.0,6900.0,500.0,1000.0,130000.0,7700.0,1600.0,4500.0,100.0,1600.0,4600.0,210000.0,13000.0,3200.0,3600.0,56000.0,64000.0,27000.0,2018-01-01
2000.0,19000.0,2000.0,5900.0,2500.0,1900.0,200.0,16000.0,9100.0,4900.0,100.0,14000.0,11000.0,23000.0,3700.0,4700.0,500.0,6800.0,11000.0,1600.0,1700.0,23000.0,7300.0,1400.0,28000.0,7800.0,1600.0,8000.0,23000.0,7000.0,500.0,1000.0,130000.0,7100.0,1600.0,3700.0,100.0,1500.0,4600.0,190000.0,12000.0,3400.0,3200.0,54000.0,54000.0,23000.0,2019-01-01
2100.0,18000.0,1800.0,5300.0,2200.0,1300.0,200.0,14000.0,9200.0,4600.0,100.0,13000.0,10000.0,22000.0,4100.0,5200.0,500.0,5100.0,9400.0,2000.0,1600.0,21000.0,6700.0,1400.0,28000.0,6800.0,1700.0,8600.0,21000.0,6500.0,500.0,1000.0,130000.0,6200.0,1600.0,3300.0,100.0,1500.0,4600.0,190000.0,11000.0,3500.0,2900.0,52000.0,44000.0,20000.0,2020-01-01
2200.0,16000.0,1800.0,4800.0,2100.0,1200.0,200.0,12000.0,9900.0,4100.0,100.0,15000.0,9900.0,18000.0,4600.0,4700.0,500.0,5000.0,9300.0,2100.0,1600.0,18000.0,6400.0,1300.0,26000.0,5900.0,1400.0,8800.0,18000.0,6200.0,1000.0,1000.0,120000.0,6300.0,1600.0,3400.0,100.0,1500.0,4000.0,170000.0,11000.0,3900.0,2700.0,53000.0,38000.0,19000.0,2021-01-01
2200.0,15000.0,1500.0,4300.0,1900.0,1300.0,200.0,9900.0,9500.0,3800.0,100.0,16000.0,9000.0,16000.0,5100.0,4700.0,500.0,4000.0,8300.0,1900.0,1600.0,17000.0,5800.0,1200.0,22000.0,4800.0,1300.0,8900.0,16000.0,6200.0,1000.0,1000.0,97000.0,5600.0,1500.0,3000.0,100.0,1500.0,3500.0,160000.0,11000.0,4300.0,2400.0,52000.0,33000.0,17000.0,2022-01-01
